<?xml version='1.0' encoding='UTF-8'?><feed xmlns='http://www.w3.org/2005/Atom' xmlns:openSearch='http://a9.com/-/spec/opensearchrss/1.0/' xmlns:gCal='http://schemas.google.com/gCal/2005'><id>http://www.google.com/calendar/feeds/hewner%40gmail.com/public/basic</id><updated>2011-09-20T23:58:40.000Z</updated><category scheme='http://schemas.google.com/g/2005#kind' term='http://schemas.google.com/g/2005#event'/><title type='text'>Michael Hewner</title><subtitle type='text'>Michael Hewner</subtitle><link rel='alternate' type='text/html' href='https://www.google.com/calendar/embed?src=hewner@gmail.com'/><link rel='http://schemas.google.com/g/2005#feed' type='application/atom+xml' href='https://www.google.com/calendar/feeds/hewner%40gmail.com/public/basic'/><link rel='http://schemas.google.com/g/2005#batch' type='application/atom+xml' href='https://www.google.com/calendar/feeds/hewner%40gmail.com/public/basic/batch'/><link rel='self' type='application/atom+xml' href='https://www.google.com/calendar/feeds/hewner%40gmail.com/public/basic?max-results=25'/><link rel='next' type='application/atom+xml' href='https://www.google.com/calendar/feeds/hewner%40gmail.com/public/basic?start-index=26&amp;max-results=25'/><author><name>Michael Hewner</name><email>hewner@gmail.com</email></author><generator version='1.0' uri='http://www.google.com/calendar'>Google Calendar</generator><openSearch:totalResults>416</openSearch:totalResults><openSearch:startIndex>1</openSearch:startIndex><openSearch:itemsPerPage>25</openSearch:itemsPerPage><gCal:timezone value='America/New_York'/><gCal:timesCleaned value='0'/><entry><id>http://www.google.com/calendar/feeds/hewner%40gmail.com/public/basic/nvqcfgvhugrp5b3u3pu58p24ro</id><published>2011-09-20T23:58:40.000Z</published><updated>2011-09-20T23:58:40.000Z</updated><category scheme='http://schemas.google.com/g/2005#kind' term='http://schemas.google.com/g/2005#event'/><title type='html'>Meet with 149s TAs</title><summary type='html'>When: Wed Sep 21, 2011 5:30pm to 6pm&amp;nbsp;
EDT&lt;br&gt;


&lt;br&gt;Event Status: confirmed</summary><content type='html'>When: Wed Sep 21, 2011 5:30pm to 6pm 
EDT&lt;br /&gt;


&lt;br /&gt;Event Status: confirmed</content><link rel='alternate' type='text/html' href='https://www.google.com/calendar/event?eid=bnZxY2Zndmh1Z3JwNWIzdTNwdTU4cDI0cm8gaGV3bmVyQG0' title='alternate'/><link rel='self' type='application/atom+xml' href='https://www.google.com/calendar/feeds/hewner%40gmail.com/public/basic/nvqcfgvhugrp5b3u3pu58p24ro'/><author><name>Michael Hewner</name><email>hewner@gmail.com</email></author></entry><entry><id>http://www.google.com/calendar/feeds/hewner%40gmail.com/public/basic/vsfnrlhcka3g6de69j0q1jrn5s</id><published>2011-09-20T17:10:45.000Z</published><updated>2011-09-20T17:10:45.000Z</updated><category scheme='http://schemas.google.com/g/2005#kind' term='http://schemas.google.com/g/2005#event'/><title type='html'>Meet with Jeff &amp;amp; Andrea</title><summary type='html'>When: Fri Sep 23, 2011 12pm to 12:30pm&amp;nbsp;
EDT&lt;br&gt;


&lt;br&gt;Event Status: confirmed</summary><content type='html'>When: Fri Sep 23, 2011 12pm to 12:30pm 
EDT&lt;br /&gt;


&lt;br /&gt;Event Status: confirmed</content><link rel='alternate' type='text/html' href='https://www.google.com/calendar/event?eid=dnNmbnJsaGNrYTNnNmRlNjlqMHExanJuNXMgaGV3bmVyQG0' title='alternate'/><link rel='self' type='application/atom+xml' href='https://www.google.com/calendar/feeds/hewner%40gmail.com/public/basic/vsfnrlhcka3g6de69j0q1jrn5s'/><author><name>Michael Hewner</name><email>hewner@gmail.com</email></author></entry><entry><id>http://www.google.com/calendar/feeds/hewner%40gmail.com/public/basic/kfgpvme2d89lg5ctmau0kb8d2o</id><published>2011-09-20T17:10:29.000Z</published><updated>2011-09-20T17:10:29.000Z</updated><category scheme='http://schemas.google.com/g/2005#kind' term='http://schemas.google.com/g/2005#event'/><title type='html'>Student meeting</title><summary type='html'>When: Tue Sep 20, 2011 4:30pm to 5pm&amp;nbsp;
EDT&lt;br&gt;


&lt;br&gt;Event Status: confirmed</summary><content type='html'>When: Tue Sep 20, 2011 4:30pm to 5pm 
EDT&lt;br /&gt;


&lt;br /&gt;Event Status: confirmed</content><link rel='alternate' type='text/html' href='https://www.google.com/calendar/event?eid=a2ZncHZtZTJkODlsZzVjdG1hdTBrYjhkMm8gaGV3bmVyQG0' title='alternate'/><link rel='self' type='application/atom+xml' href='https://www.google.com/calendar/feeds/hewner%40gmail.com/public/basic/kfgpvme2d89lg5ctmau0kb8d2o'/><author><name>Michael Hewner</name><email>hewner@gmail.com</email></author></entry><entry><id>http://www.google.com/calendar/feeds/hewner%40gmail.com/public/basic/1m2ch6r6rc3upmtqr1cko45hes</id><published>2011-09-20T13:43:15.000Z</published><updated>2011-09-20T13:43:15.000Z</updated><category scheme='http://schemas.google.com/g/2005#kind' term='http://schemas.google.com/g/2005#event'/><title type='html'>article interview</title><summary type='html'>When: Tue Sep 20, 2011 10am to 10:30am&amp;nbsp;
EDT&lt;br&gt;


&lt;br&gt;Event Status: confirmed</summary><content type='html'>When: Tue Sep 20, 2011 10am to 10:30am 
EDT&lt;br /&gt;


&lt;br /&gt;Event Status: confirmed</content><link rel='alternate' type='text/html' href='https://www.google.com/calendar/event?eid=MW0yY2g2cjZyYzN1cG10cXIxY2tvNDVoZXMgaGV3bmVyQG0' title='alternate'/><link rel='self' type='application/atom+xml' href='https://www.google.com/calendar/feeds/hewner%40gmail.com/public/basic/1m2ch6r6rc3upmtqr1cko45hes'/><author><name>Michael Hewner</name><email>hewner@gmail.com</email></author></entry><entry><id>http://www.google.com/calendar/feeds/hewner%40gmail.com/public/basic/hv7iaqhf0md70fv0ugoi3asero</id><published>2011-09-20T13:40:54.000Z</published><updated>2011-09-20T13:40:56.000Z</updated><category scheme='http://schemas.google.com/g/2005#kind' term='http://schemas.google.com/g/2005#event'/><title type='html'>Meet with seongik</title><summary type='html'>When: Tue Sep 20, 2011 3:30pm to 4pm&amp;nbsp;
EDT&lt;br&gt;


&lt;br&gt;Event Status: confirmed</summary><content type='html'>When: Tue Sep 20, 2011 3:30pm to 4pm 
EDT&lt;br /&gt;


&lt;br /&gt;Event Status: confirmed</content><link rel='alternate' type='text/html' href='https://www.google.com/calendar/event?eid=aHY3aWFxaGYwbWQ3MGZ2MHVnb2kzYXNlcm8gaGV3bmVyQG0' title='alternate'/><link rel='self' type='application/atom+xml' href='https://www.google.com/calendar/feeds/hewner%40gmail.com/public/basic/hv7iaqhf0md70fv0ugoi3asero'/><author><name>Michael Hewner</name><email>hewner@gmail.com</email></author></entry><entry><id>http://www.google.com/calendar/feeds/hewner%40gmail.com/public/basic/l578jjos34h01ors802ha0gbds_20110920T190000Z</id><published>2011-09-01T19:39:36.000Z</published><updated>2011-09-20T13:40:23.000Z</updated><category scheme='http://schemas.google.com/g/2005#kind' term='http://schemas.google.com/g/2005#event'/><title type='html'>Meet with Andrea</title><summary type='html'>When: Tue Sep 20, 2011 3pm to 3:30pm&amp;nbsp;
EDT&lt;br&gt;Replaces event originally scheduled for: Tue Sep 20, 2011 3pm&lt;br&gt;


&lt;br&gt;Event Status: confirmed</summary><content type='html'>When: Tue Sep 20, 2011 3pm to 3:30pm 
EDT&lt;br /&gt;Replaces event originally scheduled for: Tue Sep 20, 2011 3pm&lt;br /&gt;


&lt;br /&gt;Event Status: confirmed</content><link rel='alternate' type='text/html' href='https://www.google.com/calendar/event?eid=bDU3OGpqb3MzNGgwMW9yczgwMmhhMGdiZHNfMjAxMTA5MjBUMTkwMDAwWiBoZXduZXJAbQ' title='alternate'/><link rel='self' type='application/atom+xml' href='https://www.google.com/calendar/feeds/hewner%40gmail.com/public/basic/l578jjos34h01ors802ha0gbds_20110920T190000Z'/><author><name>Michael Hewner</name><email>hewner@gmail.com</email></author></entry><entry><id>http://www.google.com/calendar/feeds/hewner%40gmail.com/public/basic/06cec1cv33sshp5toib3t09pvk</id><published>2011-09-19T16:12:19.000Z</published><updated>2011-09-19T16:12:26.000Z</updated><category scheme='http://schemas.google.com/g/2005#kind' term='http://schemas.google.com/g/2005#event'/><title type='html'>meeting the fall picnic will begin including</title><summary type='html'>When: Fri Sep 23, 2011 4:30pm to 5:30pm&amp;nbsp;
EDT&lt;br&gt;


&lt;br&gt;Event Status: confirmed</summary><content type='html'>When: Fri Sep 23, 2011 4:30pm to 5:30pm 
EDT&lt;br /&gt;


&lt;br /&gt;Event Status: confirmed
&lt;br /&gt;Event Description: Greetings, everyone!

Your attendance is requested at Computer Science&amp;#39;s annual all-Department meeting. This year Carlo will convene us on Friday, September 23 at 4:30 pm in the LSRC Dining Hall. It will be great to get everyone all in one room!

Following the meeting the fall picnic will begin at 5:30 pm, including
lots of great food from Three Seasons. There will be sports! There will be contests!

You and your families are cordially invited to attend this annual opportunity to come together in fellows...</content><link rel='alternate' type='text/html' href='https://www.google.com/calendar/event?eid=MDZjZWMxY3YzM3NzaHA1dG9pYjN0MDlwdmsgaGV3bmVyQG0' title='alternate'/><link rel='self' type='application/atom+xml' href='https://www.google.com/calendar/feeds/hewner%40gmail.com/public/basic/06cec1cv33sshp5toib3t09pvk'/><author><name>Michael Hewner</name><email>hewner@gmail.com</email></author></entry><entry><id>http://www.google.com/calendar/feeds/hewner%40gmail.com/public/basic/pj4hph4kvo709aeipg253urrgc</id><published>2011-09-17T23:58:56.000Z</published><updated>2011-09-17T23:58:56.000Z</updated><category scheme='http://schemas.google.com/g/2005#kind' term='http://schemas.google.com/g/2005#event'/><title type='html'>phone interview</title><summary type='html'>When: Tue Sep 13, 2011 10am to 11am&amp;nbsp;
EDT&lt;br&gt;


&lt;br&gt;Event Status: confirmed</summary><content type='html'>When: Tue Sep 13, 2011 10am to 11am 
EDT&lt;br /&gt;


&lt;br /&gt;Event Status: confirmed</content><link rel='alternate' type='text/html' href='https://www.google.com/calendar/event?eid=cGo0aHBoNGt2bzcwOWFlaXBnMjUzdXJyZ2MgaGV3bmVyQG0' title='alternate'/><link rel='self' type='application/atom+xml' href='https://www.google.com/calendar/feeds/hewner%40gmail.com/public/basic/pj4hph4kvo709aeipg253urrgc'/><author><name>Michael Hewner</name><email>hewner@gmail.com</email></author></entry><entry><id>http://www.google.com/calendar/feeds/hewner%40gmail.com/public/basic/igpl2qcvto2lrr58urqpe2bvgg</id><published>2011-09-14T13:44:49.000Z</published><updated>2011-09-14T13:44:49.000Z</updated><category scheme='http://schemas.google.com/g/2005#kind' term='http://schemas.google.com/g/2005#event'/><title type='html'>Meet about 149s</title><summary type='html'>When: Wed Sep 14, 2011 5:30pm to 6pm&amp;nbsp;
EDT&lt;br&gt;


&lt;br&gt;Event Status: confirmed</summary><content type='html'>When: Wed Sep 14, 2011 5:30pm to 6pm 
EDT&lt;br /&gt;


&lt;br /&gt;Event Status: confirmed</content><link rel='alternate' type='text/html' href='https://www.google.com/calendar/event?eid=aWdwbDJxY3Z0bzJscnI1OHVycXBlMmJ2Z2cgaGV3bmVyQG0' title='alternate'/><link rel='self' type='application/atom+xml' href='https://www.google.com/calendar/feeds/hewner%40gmail.com/public/basic/igpl2qcvto2lrr58urqpe2bvgg'/><author><name>Michael Hewner</name><email>hewner@gmail.com</email></author></entry><entry><id>http://www.google.com/calendar/feeds/hewner%40gmail.com/public/basic/sur5bu12fs8ae4skte35k8rjuk</id><published>2011-09-06T21:13:07.000Z</published><updated>2011-09-06T21:13:07.000Z</updated><category scheme='http://schemas.google.com/g/2005#kind' term='http://schemas.google.com/g/2005#event'/><title type='html'>Meet with Kevin and Siyang</title><summary type='html'>When: Wed Sep 7, 2011 5:30pm to 6pm&amp;nbsp;
EDT&lt;br&gt;


&lt;br&gt;Event Status: confirmed</summary><content type='html'>When: Wed Sep 7, 2011 5:30pm to 6pm 
EDT&lt;br /&gt;


&lt;br /&gt;Event Status: confirmed</content><link rel='alternate' type='text/html' href='https://www.google.com/calendar/event?eid=c3VyNWJ1MTJmczhhZTRza3RlMzVrOHJqdWsgaGV3bmVyQG0' title='alternate'/><link rel='self' type='application/atom+xml' href='https://www.google.com/calendar/feeds/hewner%40gmail.com/public/basic/sur5bu12fs8ae4skte35k8rjuk'/><author><name>Michael Hewner</name><email>hewner@gmail.com</email></author></entry><entry><id>http://www.google.com/calendar/feeds/hewner%40gmail.com/public/basic/vkip3nae2r1jg3c7ka7i7r18o8</id><published>2011-08-29T20:06:48.000Z</published><updated>2011-09-06T12:41:59.000Z</updated><category scheme='http://schemas.google.com/g/2005#kind' term='http://schemas.google.com/g/2005#event'/><title type='html'>CS 149s</title><summary type='html'>Recurring Event&lt;br&gt;

First start: 2011-08-29 19:00:00 EDT
&lt;br&gt;
Duration: 5400


&lt;br&gt;Where: LSRC D106
&lt;br&gt;Event Status: confirmed</summary><content type='html'>Recurring Event&lt;br /&gt;
First start: 2011-08-29 19:00:00 EDT
&lt;br /&gt;
Duration: 5400


&lt;br /&gt;Where: LSRC D106

&lt;br /&gt;Event Status: confirmed</content><link rel='alternate' type='text/html' href='https://www.google.com/calendar/event?eid=dmtpcDNuYWUycjFqZzNjN2thN2k3cjE4bzhfMjAxMTA4MjlUMjMwMDAwWiBoZXduZXJAbQ' title='alternate'/><link rel='self' type='application/atom+xml' href='https://www.google.com/calendar/feeds/hewner%40gmail.com/public/basic/vkip3nae2r1jg3c7ka7i7r18o8'/><author><name>Michael Hewner</name><email>hewner@gmail.com</email></author></entry><entry><id>http://www.google.com/calendar/feeds/hewner%40gmail.com/public/basic/b6een5661os0sarar06lokfjk4</id><published>2011-09-05T22:22:53.000Z</published><updated>2011-09-05T22:22:53.000Z</updated><category scheme='http://schemas.google.com/g/2005#kind' term='http://schemas.google.com/g/2005#event'/><title type='html'>Meet with Jay</title><summary type='html'>When: Tue Sep 6, 2011 1:30pm to 2:30pm&amp;nbsp;
EDT&lt;br&gt;


&lt;br&gt;Event Status: confirmed</summary><content type='html'>When: Tue Sep 6, 2011 1:30pm to 2:30pm 
EDT&lt;br /&gt;


&lt;br /&gt;Event Status: confirmed</content><link rel='alternate' type='text/html' href='https://www.google.com/calendar/event?eid=YjZlZW41NjYxb3Mwc2FyYXIwNmxva2ZqazQgaGV3bmVyQG0' title='alternate'/><link rel='self' type='application/atom+xml' href='https://www.google.com/calendar/feeds/hewner%40gmail.com/public/basic/b6een5661os0sarar06lokfjk4'/><author><name>Michael Hewner</name><email>hewner@gmail.com</email></author></entry><entry><id>http://www.google.com/calendar/feeds/hewner%40gmail.com/public/basic/l578jjos34h01ors802ha0gbds</id><published>2011-09-01T19:39:36.000Z</published><updated>2011-09-01T19:39:36.000Z</updated><category scheme='http://schemas.google.com/g/2005#kind' term='http://schemas.google.com/g/2005#event'/><title type='html'>Meet with Andrea</title><summary type='html'>Recurring Event&lt;br&gt;
First start: 2011-08-30 15:00:00 EDT
&lt;br&gt;
Duration: 3600




&lt;br&gt;Event Status: confirmed</summary><content type='html'>Recurring Event&lt;br /&gt;
First start: 2011-08-30 15:00:00 EDT
&lt;br /&gt;
Duration: 3600



&lt;br /&gt;Event Status: confirmed</content><link rel='alternate' type='text/html' href='https://www.google.com/calendar/event?eid=bDU3OGpqb3MzNGgwMW9yczgwMmhhMGdiZHNfMjAxMTA4MzBUMTkwMDAwWiBoZXduZXJAbQ' title='alternate'/><link rel='self' type='application/atom+xml' href='https://www.google.com/calendar/feeds/hewner%40gmail.com/public/basic/l578jjos34h01ors802ha0gbds'/><author><name>Michael Hewner</name><email>hewner@gmail.com</email></author></entry><entry><id>http://www.google.com/calendar/feeds/hewner%40gmail.com/public/basic/gvrufku66g5e0anjsntqu7hguc</id><published>2011-09-01T12:47:43.000Z</published><updated>2011-09-01T12:47:43.000Z</updated><category scheme='http://schemas.google.com/g/2005#kind' term='http://schemas.google.com/g/2005#event'/><title type='html'>149 S Meeting</title><summary type='html'>When: Thu Sep 1, 2011 5:30pm to 6:30pm&amp;nbsp;
EDT&lt;br&gt;


&lt;br&gt;Event Status: confirmed</summary><content type='html'>When: Thu Sep 1, 2011 5:30pm to 6:30pm 
EDT&lt;br /&gt;


&lt;br /&gt;Event Status: confirmed</content><link rel='alternate' type='text/html' href='https://www.google.com/calendar/event?eid=Z3ZydWZrdTY2ZzVlMGFuanNudHF1N2hndWMgaGV3bmVyQG0' title='alternate'/><link rel='self' type='application/atom+xml' href='https://www.google.com/calendar/feeds/hewner%40gmail.com/public/basic/gvrufku66g5e0anjsntqu7hguc'/><author><name>Michael Hewner</name><email>hewner@gmail.com</email></author></entry><entry><id>http://www.google.com/calendar/feeds/hewner%40gmail.com/public/basic/ng5mofg1bv4fnbki9i3vt95v5c</id><published>2011-09-01T12:45:14.000Z</published><updated>2011-09-01T12:46:07.000Z</updated><category scheme='http://schemas.google.com/g/2005#kind' term='http://schemas.google.com/g/2005#event'/><title type='html'>CSed meeting</title><summary type='html'>Recurring Event&lt;br&gt;

First start: 2011-08-30 11:45:00 EDT
&lt;br&gt;
Duration: 3600



&lt;br&gt;Event Status: confirmed</summary><content type='html'>Recurring Event&lt;br /&gt;
First start: 2011-08-30 11:45:00 EDT
&lt;br /&gt;
Duration: 3600



&lt;br /&gt;Event Status: confirmed</content><link rel='alternate' type='text/html' href='https://www.google.com/calendar/event?eid=bmc1bW9mZzFidjRmbmJraTlpM3Z0OTV2NWNfMjAxMTA4MzBUMTU0NTAwWiBoZXduZXJAbQ' title='alternate'/><link rel='self' type='application/atom+xml' href='https://www.google.com/calendar/feeds/hewner%40gmail.com/public/basic/ng5mofg1bv4fnbki9i3vt95v5c'/><author><name>Michael Hewner</name><email>hewner@gmail.com</email></author></entry><entry><id>http://www.google.com/calendar/feeds/hewner%40gmail.com/public/basic/r41o1t0n4tip1oh3n8t52s9qs0</id><published>2011-08-29T20:00:18.000Z</published><updated>2011-09-01T12:45:42.000Z</updated><category scheme='http://schemas.google.com/g/2005#kind' term='http://schemas.google.com/g/2005#event'/><title type='html'>CS 108</title><summary type='html'>Recurring Event&lt;br&gt;

First start: 2011-08-29 14:50:00 EDT
&lt;br&gt;
Duration: 4500


&lt;br&gt;Where: North 311
&lt;br&gt;Event Status: confirmed</summary><content type='html'>Recurring Event&lt;br /&gt;
First start: 2011-08-29 14:50:00 EDT
&lt;br /&gt;
Duration: 4500


&lt;br /&gt;Where: North 311

&lt;br /&gt;Event Status: confirmed</content><link rel='alternate' type='text/html' href='https://www.google.com/calendar/event?eid=cjQxbzF0MG40dGlwMW9oM244dDUyczlxczBfMjAxMTA4MjlUMTg1MDAwWiBoZXduZXJAbQ' title='alternate'/><link rel='self' type='application/atom+xml' href='https://www.google.com/calendar/feeds/hewner%40gmail.com/public/basic/r41o1t0n4tip1oh3n8t52s9qs0'/><author><name>Michael Hewner</name><email>hewner@gmail.com</email></author></entry><entry><id>http://www.google.com/calendar/feeds/hewner%40gmail.com/public/basic/khq93brmhuf3q0jgmu6n71g2uo</id><published>2011-08-29T20:05:04.000Z</published><updated>2011-08-29T20:05:05.000Z</updated><category scheme='http://schemas.google.com/g/2005#kind' term='http://schemas.google.com/g/2005#event'/><title type='html'>Office Hours</title><summary type='html'>Recurring Event&lt;br&gt;
First start: 2011-08-31 13:00:00 EDT
&lt;br&gt;
Duration: 3600



&lt;br&gt;Event Status: confirmed</summary><content type='html'>Recurring Event&lt;br /&gt;

First start: 2011-08-31 13:00:00 EDT
&lt;br /&gt;
Duration: 3600



&lt;br /&gt;Event Status: confirmed</content><link rel='alternate' type='text/html' href='https://www.google.com/calendar/event?eid=a2hxOTNicm1odWYzcTBqZ211Nm43MWcydW9fMjAxMTA4MzFUMTcwMDAwWiBoZXduZXJAbQ' title='alternate'/><link rel='self' type='application/atom+xml' href='https://www.google.com/calendar/feeds/hewner%40gmail.com/public/basic/khq93brmhuf3q0jgmu6n71g2uo'/><author><name>Michael Hewner</name><email>hewner@gmail.com</email></author></entry><entry><id>http://www.google.com/calendar/feeds/hewner%40gmail.com/public/basic/qn8ruks4ssm57hjhklquset93s</id><published>2011-08-29T20:03:24.000Z</published><updated>2011-08-29T20:03:50.000Z</updated><category scheme='http://schemas.google.com/g/2005#kind' term='http://schemas.google.com/g/2005#event'/><title type='html'>Office Hours</title><summary type='html'>Recurring Event&lt;br&gt;
First start: 2011-08-29 16:15:00 EDT
&lt;br&gt;

Duration: 3600



&lt;br&gt;Event Status: confirmed</summary><content type='html'>Recurring Event&lt;br /&gt;
First start: 2011-08-29 16:15:00 EDT
&lt;br /&gt;
Duration: 3600



&lt;br /&gt;Event Status: confirmed</content><link rel='alternate' type='text/html' href='https://www.google.com/calendar/event?eid=cW44cnVrczRzc201N2hqaGtscXVzZXQ5M3NfMjAxMTA4MjlUMjAxNTAwWiBoZXduZXJAbQ' title='alternate'/><link rel='self' type='application/atom+xml' href='https://www.google.com/calendar/feeds/hewner%40gmail.com/public/basic/qn8ruks4ssm57hjhklquset93s'/><author><name>Michael Hewner</name><email>hewner@gmail.com</email></author></entry><entry><id>http://www.google.com/calendar/feeds/hewner%40gmail.com/public/basic/vej2tvj69i781lib20gghjbu5g</id><published>2011-08-29T20:02:17.000Z</published><updated>2011-08-29T20:02:17.000Z</updated><category scheme='http://schemas.google.com/g/2005#kind' term='http://schemas.google.com/g/2005#event'/><title type='html'>CS 100</title><summary type='html'>Recurring Event&lt;br&gt;

First start: 2011-08-29 10:05:00 EDT
&lt;br&gt;
Duration: 4500


&lt;br&gt;Where: LSRC B101
&lt;br&gt;Event Status: confirmed</summary><content type='html'>Recurring Event&lt;br /&gt;
First start: 2011-08-29 10:05:00 EDT
&lt;br /&gt;
Duration: 4500


&lt;br /&gt;Where: LSRC B101

&lt;br /&gt;Event Status: confirmed</content><link rel='alternate' type='text/html' href='https://www.google.com/calendar/event?eid=dmVqMnR2ajY5aTc4MWxpYjIwZ2doamJ1NWdfMjAxMTA4MjlUMTQwNTAwWiBoZXduZXJAbQ' title='alternate'/><link rel='self' type='application/atom+xml' href='https://www.google.com/calendar/feeds/hewner%40gmail.com/public/basic/vej2tvj69i781lib20gghjbu5g'/><author><name>Michael Hewner</name><email>hewner@gmail.com</email></author></entry><entry><id>http://www.google.com/calendar/feeds/hewner%40gmail.com/public/basic/rhmh291sdgkg8hqknq460rltts</id><published>2011-08-29T19:58:52.000Z</published><updated>2011-08-29T20:00:29.000Z</updated><category scheme='http://schemas.google.com/g/2005#kind' term='http://schemas.google.com/g/2005#event'/><title type='html'>CS 110</title><summary type='html'>Recurring Event&lt;br&gt;
First start: 2011-08-29 14:50:00 EDT
&lt;br&gt;
Duration: 4500


&lt;br&gt;Where: LSRC 106

&lt;br&gt;Event Status: confirmed</summary><content type='html'>Recurring Event&lt;br /&gt;
First start: 2011-08-29 14:50:00 EDT
&lt;br /&gt;
Duration: 4500


&lt;br /&gt;Where: LSRC 106
&lt;br /&gt;Event Status: confirmed</content><link rel='alternate' type='text/html' href='https://www.google.com/calendar/event?eid=cmhtaDI5MXNkZ2tnOGhxa25xNDYwcmx0dHNfMjAxMTA4MjlUMTg1MDAwWiBoZXduZXJAbQ' title='alternate'/><link rel='self' type='application/atom+xml' href='https://www.google.com/calendar/feeds/hewner%40gmail.com/public/basic/rhmh291sdgkg8hqknq460rltts'/><author><name>Michael Hewner</name><email>hewner@gmail.com</email></author></entry><entry><id>http://www.google.com/calendar/feeds/hewner%40gmail.com/public/basic/vulptdumdf2h8qgdnk85pe38t8</id><published>2011-08-26T14:54:23.000Z</published><updated>2011-08-27T16:07:50.000Z</updated><category scheme='http://schemas.google.com/g/2005#kind' term='http://schemas.google.com/g/2005#event'/><title type='html'>Meet with Andrea</title><summary type='html'>When: Thu Sep 1, 2011 3:30pm to 4:30pm&amp;nbsp;
EDT&lt;br&gt;


&lt;br&gt;Event Status: confirmed</summary><content type='html'>When: Thu Sep 1, 2011 3:30pm to 4:30pm 
EDT&lt;br /&gt;


&lt;br /&gt;Event Status: confirmed</content><link rel='alternate' type='text/html' href='https://www.google.com/calendar/event?eid=dnVscHRkdW1kZjJoOHFnZG5rODVwZTM4dDggaGV3bmVyQG0' title='alternate'/><link rel='self' type='application/atom+xml' href='https://www.google.com/calendar/feeds/hewner%40gmail.com/public/basic/vulptdumdf2h8qgdnk85pe38t8'/><author><name>Michael Hewner</name><email>hewner@gmail.com</email></author></entry><entry><id>http://www.google.com/calendar/feeds/hewner%40gmail.com/public/basic/8i7ktmlcia2tl9qf1s8rv09lvs</id><published>2011-08-26T17:26:42.000Z</published><updated>2011-08-26T17:26:42.000Z</updated><category scheme='http://schemas.google.com/g/2005#kind' term='http://schemas.google.com/g/2005#event'/><title type='html'>Meet with Gus</title><summary type='html'>When: Fri Aug 26, 2011 4pm to 5pm&amp;nbsp;
EDT&lt;br&gt;


&lt;br&gt;Event Status: confirmed</summary><content type='html'>When: Fri Aug 26, 2011 4pm to 5pm 
EDT&lt;br /&gt;


&lt;br /&gt;Event Status: confirmed</content><link rel='alternate' type='text/html' href='https://www.google.com/calendar/event?eid=OGk3a3RtbGNpYTJ0bDlxZjFzOHJ2MDlsdnMgaGV3bmVyQG0' title='alternate'/><link rel='self' type='application/atom+xml' href='https://www.google.com/calendar/feeds/hewner%40gmail.com/public/basic/8i7ktmlcia2tl9qf1s8rv09lvs'/><author><name>Michael Hewner</name><email>hewner@gmail.com</email></author></entry><entry><id>http://www.google.com/calendar/feeds/hewner%40gmail.com/public/basic/kscco3bpr52uhbn779mvibi7fk</id><published>2011-08-24T19:16:03.000Z</published><updated>2011-08-24T19:16:03.000Z</updated><category scheme='http://schemas.google.com/g/2005#kind' term='http://schemas.google.com/g/2005#event'/><title type='html'>Meet with Siyang</title><summary type='html'>When: Thu Aug 25, 2011 2pm to 3pm&amp;nbsp;
EDT&lt;br&gt;


&lt;br&gt;Event Status: confirmed</summary><content type='html'>When: Thu Aug 25, 2011 2pm to 3pm 
EDT&lt;br /&gt;


&lt;br /&gt;Event Status: confirmed</content><link rel='alternate' type='text/html' href='https://www.google.com/calendar/event?eid=a3NjY28zYnByNTJ1aGJuNzc5bXZpYmk3ZmsgaGV3bmVyQG0' title='alternate'/><link rel='self' type='application/atom+xml' href='https://www.google.com/calendar/feeds/hewner%40gmail.com/public/basic/kscco3bpr52uhbn779mvibi7fk'/><author><name>Michael Hewner</name><email>hewner@gmail.com</email></author></entry><entry><id>http://www.google.com/calendar/feeds/hewner%40gmail.com/public/basic/hek6tp2g4eft1c17ofb1k4gdr0</id><published>2011-08-17T17:02:31.000Z</published><updated>2011-08-17T17:02:31.000Z</updated><category scheme='http://schemas.google.com/g/2005#kind' term='http://schemas.google.com/g/2005#event'/><title type='html'>ACM Regional Competition</title><summary type='html'>When: Sat Nov 5, 2011&lt;br&gt;


&lt;br&gt;Event Status: confirmed</summary><content type='html'>When: Sat Nov 5, 2011&lt;br /&gt;


&lt;br /&gt;Event Status: confirmed</content><link rel='alternate' type='text/html' href='https://www.google.com/calendar/event?eid=aGVrNnRwMmc0ZWZ0MWMxN29mYjFrNGdkcjAgaGV3bmVyQG0' title='alternate'/><link rel='self' type='application/atom+xml' href='https://www.google.com/calendar/feeds/hewner%40gmail.com/public/basic/hek6tp2g4eft1c17ofb1k4gdr0'/><author><name>Michael Hewner</name><email>hewner@gmail.com</email></author></entry><entry><id>http://www.google.com/calendar/feeds/hewner%40gmail.com/public/basic/l5e9iqkd37dfgjqic6chvesens</id><published>2011-08-10T16:52:07.000Z</published><updated>2011-08-10T16:52:07.000Z</updated><category scheme='http://schemas.google.com/g/2005#kind' term='http://schemas.google.com/g/2005#event'/><title type='html'>HR Meeting</title><summary type='html'>When: Wed Aug 17, 2011 9am to 10am&amp;nbsp;
EDT&lt;br&gt;

&lt;br&gt;Where: 705 Broad Street. 
&lt;br&gt;Event Status: confirmed</summary><content type='html'>When: Wed Aug 17, 2011 9am to 10am 
EDT&lt;br /&gt;

&lt;br /&gt;Where: 705 Broad Street. 
&lt;br /&gt;Event Status: confirmed</content><link rel='alternate' type='text/html' href='https://www.google.com/calendar/event?eid=bDVlOWlxa2QzN2RmZ2pxaWM2Y2h2ZXNlbnMgaGV3bmVyQG0' title='alternate'/><link rel='self' type='application/atom+xml' href='https://www.google.com/calendar/feeds/hewner%40gmail.com/public/basic/l5e9iqkd37dfgjqic6chvesens'/><author><name>Michael Hewner</name><email>hewner@gmail.com</email></author></entry></feed>